[
  {
    "id": 1,
    "name": "Paracetamol 500mg",
    "notes": "Fever and body pains",
    "brand": "ABC Pharma",
    "expiryDate": "2026-02-10T00:00:00",
    "price": 55.50,
    "quantity": 2
  },
  {
    "id": 2,
    "name": "Dolo 650mg",
    "notes": "Fever and body pains",
    "brand": "ABC Pharma",
    "expiryDate": "2026-12-11T00:00:00",
    "price": 80.45,
    "quantity": 35
  },
  {
    "id": 3,
    "name": "Ibuprofen 200mg",
    "notes": "Pain relief, take with food",
    "brand": "HealWell",
    "expiryDate": "2028-05-01T00:00:00",
    "price": 12.75,
    "quantity": 1
  },
  {
    "id": 4,
    "name": "Amoxicillin 500mg",
    "notes": "Antibiotic, take with water",
    "brand": "MediCare",
    "expiryDate": "2026-02-05T00:00:00",
    "price": 24.99,
    "quantity": 8
  },
  {
    "id": 5,
    "name": "Cetirizine 10mg",
    "notes": "Allergy relief, once daily",
    "brand": "AllerFree",
    "expiryDate": "2027-06-01T00:00:00",
    "price": 9.50,
    "quantity": 50
  },
  {
    "id": 6,
    "name": "Metformin 500mg",
    "notes": "For blood sugar control, with meals",
    "brand": "GlucoCare",
    "expiryDate": "2026-01-25T00:00:00",
    "price": 18.00,
    "quantity": 5
  },
  {
    "id": 7,
    "name": "Loratadine 10mg",
    "notes": "Non-drowsy antihistamine",
    "brand": "ClearAller",
    "expiryDate": "2027-03-15T00:00:00",
    "price": 11.25,
    "quantity": 100
  },
  {
    "id": 8,
    "name": "Omeprazole 20mg",
    "notes": "For acid reflux, take before meals",
    "brand": "GastroHeal",
    "expiryDate": "2026-02-13T00:00:00",
    "price": 15.75,
    "quantity": 9
  },
  {
    "id": 9,
    "name": "Azithromycin 250mg",
    "notes": "Antibiotic, complete full course",
    "brand": "Zythera",
    "expiryDate": "2026-12-01T00:00:00",
    "price": 32.40,
    "quantity": 12
  },
  {
    "id": 10,
    "name": "Vitamin D 1000IU",
    "notes": "Supplement, take once daily",
    "brand": "SunVita",
    "expiryDate": "2026-01-20T00:00:00",
    "price": 7.99,
    "quantity": 3
  },
  {
    "id": 11,
    "name": "Aspirin 75mg",
    "notes": "Cardioprotective dose, as prescribed",
    "brand": "CardioCare",
    "expiryDate": "2028-04-02T00:00:00",
    "price": 5.50,
    "quantity": 40
  },
  {
    "id": 12,
    "name": "Naproxen 250mg",
    "notes": "Anti-inflammatory, take with food",
    "brand": "PainAway",
    "expiryDate": "2026-11-11T00:00:00",
    "price": 13.30,
    "quantity": 2
  },
  {
    "id": 13,
    "name": "Ciprofloxacin 500mg",
    "notes": "Antibiotic, avoid with dairy close to dose",
    "brand": "CiproMax",
    "expiryDate": "2026-08-09T00:00:00",
    "price": 28.75,
    "quantity": 15
  },
  {
    "id": 14,
    "name": "test",
    "notes": "",
    "brand": "rw",
    "expiryDate": "2026-01-18T00:00:00",
    "price": 10,
    "quantity": 10
  },
  {
    "id": 15,
    "name": "test",
    "notes": "",
    "brand": "test",
    "expiryDate": "2026-01-03T00:00:00",
    "price": 4,
    "quantity": 3
  }
]